Название,Цена,Изображение
Стилус Apple Pencil USB-C,10090 сом,/images/product/131420/1704865716_15756300.jpeg
Планшет ASUS MeMO Pad FHD 10 ME302KL 16Gb LTE белый,43330 сом,/images/product/31403/31403.jpg
Планшет Asus Nexus 7C 1A015A,39960 сом,/images/product/3249/3249.jpg
Планшет Samsung Galaxy Tab A7 Lite LTE SM-T225 32GB (2021) серый,13320 сом,/images/product/96705/1629813208_03827400.jpg
"Клавиатура Apple Magic Keyboard для iPad Pro 11"" (2020)",28270 сом,/images/product/85762/1700538946_81620100.jpeg
Планшет Apple iPad Air 5 256Gb Wi-Fi серый космос,70840 сом,/images/product/109837/1660984875_78028400.jpg
Планшет Apple iPad Air 5 256Gb Wi-Fi сияющая звезда,70840 сом,/images/product/109838/1660984928_83660100.jpg
Планшет Apple iPad Air 5 256Gb Wi-Fi розовый,70840 сом,/images/product/109839/1660984971_50102900.jpg
Планшет Apple iPad Air 5 256Gb Wi-Fi фиолетовый,70840 сом,/images/product/109840/1660985014_42516600.jpg
Планшет Apple iPad Air 5 256Gb Wi-Fi голубой,70840 сом,/images/product/109841/1660985059_30111200.jpg
"Клавиатура Apple Magic Keyboard для iPad Pro 12,9"" (2021) черная",33400 сом,/images/product/118802/1700284162_79821000.jpeg
Планшет Xiaomi Redmi Pad SE 4/128GB серый,15400 сом,/images/product/129301/1700319735_62622200.png
Планшет Apple iPad Pro 12.9 M2 (2022) LTE 128GB серый,99370 сом,/images/product/115222/1671243753_33791200.jpg
Планшет Apple iPad Pro 12.9 M2 (2022) LTE 128GB серебристый,99370 сом,/images/product/115223/1671243783_39329100.jpg
Планшет Apple iPad mini (2021) 64Gb Wi-Fi розовый,42400 сом-9%38440 сом,/images/product/99864/1635868212_43756200.jpg
Планшет Apple iPad (2021) 64Gb LTE серебристый,39340 сом-1%38890 сом,/images/product/109848/1661073466_66613900.jpg
Планшет Apple iPad 10 (2022) Wi-Fi 256GB серебристый,55270 сом-2%54280 сом,/images/product/113944/1668948542_48772500.jpg
Планшет Apple iPad mini (2021) 64Gb Wi-Fi серый космос,42400 сом-9%38440 сом,/images/product/99865/1635868346_43682900.jpg
Планшет Apple iPad (2021) 64Gb LTE серый космос,39340 сом-1%38890 сом,/images/product/109849/1661073488_72891500.jpg
Планшет Apple iPad 10 (2022) Wi-Fi 256GB голубой,55270 сом-2%54280 сом,/images/product/113945/1668948558_40010100.jpg
